model,overall_ECE
deepseek,0.008747889981133914
qwen2b,0.06976981055204728
